Parcel Number,Parcel Name,Address
9972,Greenspace ,End of Taylor Trail and Creekview Place - Chatham
9500,Walkway/Island Park,Taylor Trail - Chatham
6629,Boulevard,Taylor Trail behind piggy mart - Chatham
9233,Culdesac,Adleigh Drive - Chatham
9655,Island,Idlewild Cres - Chatham
9080,Thornhill Park ,114 Thornhill - Chatham
9275,Ambulance Station ,337 Richmond Street - Chatham
9182,Ross Babcock Park,341 Deleware - Chatham
9430,Smoke Reynolds Park,74 Norhtern Pine Place - Chatham
9503,London Drive Park,London Drive - Chatham
6759,old water Tower,121 Inshes Ave - Chatham
9014,Wanless Park,130 Lacroix - Chatham
9012,Wonderwoods Park,76 Patterson Ave - Chatham
9015,Francis Moore Park,69 Lorne - Chatham
9043,Walkway- ,Sandy Street - Chatham
9045,Walkway- ,Northland dr - Chatham
9047,Walkway- ,Baldoon - Chatham
9061,Island - South East end ,NorthMaple Drive - Chatham
9074,Island ,Country Lane - Chatham
9076,WISH Centre,King Street East - Chatham
9078,Pump Stion 9,529 Park Ave East - Chatham
9079,Taylor Park ,178 King Street East - Chatham
9080,Thornhill Park ,114 Thornhill - Chatham
9081,Stirling Park,236 Park Street - Chatham
9083,Zonta Park ,9 King Street - Chatham
9084,Sulmans Park ,54 Prince Street - Chatham
9085,Island CNR at Queen Street,379 Queen Street - Chatham
9086,Islands ,Centre and Queen Street - Chatham
9088,Island,Queen and Park - Chatham
9098,Wedge ,King Street East - Chatham